-- phpMyAdmin SQL Dump
-- version 5.1.0
-- https://www.phpmyadmin.net/
--
-- Host: localhost
-- Generation Time: Apr 27, 2021 at 09:33 PM
-- Server version: 10.4.18-MariaDB
-- PHP Version: 7.4.16

SET SQL_MODE = "NO_AUTO_VALUE_ON_ZERO";
START TRANSACTION;
SET time_zone = "+00:00";


/*!40101 SET @OLD_CHARACTER_SET_CLIENT=@@CHARACTER_SET_CLIENT */;
/*!40101 SET @OLD_CHARACTER_SET_RESULTS=@@CHARACTER_SET_RESULTS */;
/*!40101 SET @OLD_COLLATION_CONNECTION=@@COLLATION_CONNECTION */;
/*!40101 SET NAMES utf8mb4 */;

--
-- Database: `appointmentfinder`
--

-- --------------------------------------------------------

--
-- Table structure for table `appointments`
--

CREATE TABLE `appointments` (
  `appointmentId` int(255) NOT NULL,
  `appointmentDate` date NOT NULL,
  `location` varchar(255) NOT NULL,
  `subject` varchar(255) NOT NULL,
  `votingExpiryDate` date NOT NULL,
  `votingExpiryTime` varchar(255) NOT NULL,
  `appointmentStartTime` varchar(255) NOT NULL,
  `appointmentEndTime` varchar(255) NOT NULL,
  `username` varchar(255) NOT NULL
) ENGINE=InnoDB DEFAULT CHARSET=utf8mb4;

--
-- Dumping data for table `appointments`
--

INSERT INTO `appointments` (`appointmentId`, `appointmentDate`, `location`, `subject`, `votingExpiryDate`, `votingExpiryTime`, `appointmentStartTime`, `appointmentEndTime`, `username`) VALUES
(167, '2021-04-28', 'Wien', 'Projektabgabe', '2021-04-27', '20:30', '08:30', '14:00', 'Paul'),
(168, '2021-04-30', 'Wien', 'Fußballturnier', '2021-04-29', '20:30', '08:32', '14:02', 'Paul');

-- --------------------------------------------------------

--
-- Table structure for table `timeslots`
--

CREATE TABLE `timeslots` (
  `timeslotId` int(11) NOT NULL,
  `appointmentId` int(11) NOT NULL,
  `startTime` varchar(20) NOT NULL,
  `endTime` varchar(20) NOT NULL,
  `username` varchar(255) NOT NULL,
  `commentContent` text NOT NULL
) ENGINE=InnoDB DEFAULT CHARSET=utf8mb4;

--
-- Dumping data for table `timeslots`
--

INSERT INTO `timeslots` (`timeslotId`, `appointmentId`, `startTime`, `endTime`, `username`, `commentContent`) VALUES
(922, 0, '03 : 23', '03 : 53', '/', '/'),
(923, 0, '03 : 53', '4 : 23', '/', '/'),
(924, 0, '4 : 23', '4 : 53', '/', '/'),
(925, 0, '4 : 53', '5 : 23', '/', '/'),
(926, 0, '5 : 23', '5 : 53', '/', '/'),
(927, 0, '5 : 53', '6 : 23', '/', '/'),
(928, 0, '6 : 23', '6 : 53', '/', '/'),
(929, 0, '6 : 53', '7 : 23', '/', '/'),
(930, 0, '7 : 23', '7 : 53', '/', '/'),
(931, 0, '7 : 53', '8 : 23', '/', '/'),
(932, 0, '8 : 23', '8 : 53', '/', '/'),
(933, 0, '8 : 53', '9 : 23', '/', '/'),
(934, 0, '9 : 23', '9 : 53', '/', '/'),
(935, 0, '9 : 53', '10 : 23', '/', '/'),
(936, 0, '10 : 23', '10 : 53', '/', '/'),
(937, 0, '10 : 53', '11 : 23', '/', '/'),
(938, 0, '11 : 23', '11 : 53', '/', '/'),
(939, 0, '11 : 53', '12 : 23', '/', '/'),
(940, 0, '08 : 45', '9 : 15', '/', '/'),
(941, 0, '9 : 15', '9 : 45', '/', '/'),
(942, 0, '9 : 45', '10 : 15', '/', '/'),
(943, 0, '10 : 15', '10 : 45', '/', '/'),
(944, 0, '10 : 45', '11 : 15', '/', '/'),
(945, 0, '11 : 15', '11 : 45', '/', '/'),
(946, 0, '08 : 45', '9 : 15', '/', '/'),
(947, 0, '9 : 15', '9 : 45', '/', '/'),
(948, 0, '9 : 45', '10 : 15', '/', '/'),
(949, 0, '10 : 15', '10 : 45', '/', '/'),
(950, 0, '10 : 45', '11 : 15', '/', '/'),
(951, 0, '11 : 15', '11 : 45', '/', '/'),
(952, 0, '08 : 45', '9 : 15', '/', '/'),
(953, 0, '9 : 15', '9 : 45', '/', '/'),
(954, 0, '9 : 45', '10 : 15', '/', '/'),
(955, 0, '10 : 15', '10 : 45', '/', '/'),
(956, 0, '10 : 45', '11 : 15', '/', '/'),
(957, 0, '11 : 15', '11 : 45', '/', '/'),
(958, 0, '08 : 45', '9 : 15', '/', '/'),
(959, 0, '9 : 15', '9 : 45', '/', '/'),
(960, 0, '9 : 45', '10 : 15', '/', '/'),
(961, 0, '10 : 15', '10 : 45', '/', '/'),
(962, 0, '10 : 45', '11 : 15', '/', '/'),
(963, 0, '11 : 15', '11 : 45', '/', '/'),
(964, 0, '04 : 55', '5 : 25', '/', '/'),
(965, 0, '5 : 25', '5 : 55', '/', '/'),
(966, 0, '5 : 55', '6 : 25', '/', '/'),
(967, 0, '6 : 25', '6 : 55', '/', '/'),
(968, 0, '6 : 55', '7 : 25', '/', '/'),
(969, 0, '7 : 25', '7 : 55', '/', '/'),
(970, 0, '7 : 55', '8 : 25', '/', '/'),
(971, 0, '8 : 25', '8 : 55', '/', '/'),
(972, 0, '8 : 55', '9 : 25', '/', '/'),
(973, 0, '9 : 25', '9 : 55', '/', '/'),
(974, 0, '9 : 55', '10 : 25', '/', '/'),
(975, 0, '10 : 25', '10 : 55', '/', '/'),
(976, 0, '04 : 55', '5 : 25', '/', '/'),
(977, 0, '5 : 25', '5 : 55', '/', '/'),
(978, 0, '5 : 55', '6 : 25', '/', '/'),
(979, 0, '6 : 25', '6 : 55', '/', '/'),
(980, 0, '6 : 55', '7 : 25', '/', '/'),
(981, 0, '7 : 25', '7 : 55', '/', '/'),
(982, 0, '7 : 55', '8 : 25', '/', '/'),
(983, 0, '8 : 25', '8 : 55', '/', '/'),
(984, 0, '8 : 55', '9 : 25', '/', '/'),
(985, 0, '9 : 25', '9 : 55', '/', '/'),
(986, 0, '9 : 55', '10 : 25', '/', '/'),
(987, 0, '10 : 25', '10 : 55', '/', '/'),
(988, 0, '04 : 55', '5 : 25', '/', '/'),
(989, 0, '5 : 25', '5 : 55', '/', '/'),
(990, 0, '5 : 55', '6 : 25', '/', '/'),
(991, 0, '6 : 25', '6 : 55', '/', '/'),
(992, 0, '6 : 55', '7 : 25', '/', '/'),
(993, 0, '7 : 25', '7 : 55', '/', '/'),
(994, 0, '7 : 55', '8 : 25', '/', '/'),
(995, 0, '8 : 25', '8 : 55', '/', '/'),
(996, 0, '8 : 55', '9 : 25', '/', '/'),
(997, 0, '9 : 25', '9 : 55', '/', '/'),
(998, 0, '9 : 55', '10 : 25', '/', '/'),
(999, 0, '10 : 25', '10 : 55', '/', '/'),
(1000, 0, '04 : 55', '5 : 25', '/', '/'),
(1001, 0, '5 : 25', '5 : 55', '/', '/'),
(1002, 0, '5 : 55', '6 : 25', '/', '/'),
(1003, 0, '6 : 25', '6 : 55', '/', '/'),
(1004, 0, '6 : 55', '7 : 25', '/', '/'),
(1005, 0, '7 : 25', '7 : 55', '/', '/'),
(1006, 0, '7 : 55', '8 : 25', '/', '/'),
(1007, 0, '8 : 25', '8 : 55', '/', '/'),
(1008, 0, '8 : 55', '9 : 25', '/', '/'),
(1009, 0, '9 : 25', '9 : 55', '/', '/'),
(1010, 0, '9 : 55', '10 : 25', '/', '/'),
(1011, 0, '10 : 25', '10 : 55', '/', '/'),
(1012, 0, '04 : 55', '5 : 25', '/', '/'),
(1013, 0, '5 : 25', '5 : 55', '/', '/'),
(1014, 0, '5 : 55', '6 : 25', '/', '/'),
(1015, 0, '6 : 25', '6 : 55', '/', '/'),
(1016, 0, '6 : 55', '7 : 25', '/', '/'),
(1017, 0, '7 : 25', '7 : 55', '/', '/'),
(1018, 0, '7 : 55', '8 : 25', '/', '/'),
(1019, 0, '8 : 25', '8 : 55', '/', '/'),
(1020, 0, '8 : 55', '9 : 25', '/', '/'),
(1021, 0, '9 : 25', '9 : 55', '/', '/'),
(1022, 0, '9 : 55', '10 : 25', '/', '/'),
(1023, 0, '10 : 25', '10 : 55', '/', '/'),
(1024, 0, '04 : 55', '5 : 25', '/', '/'),
(1025, 0, '5 : 25', '5 : 55', '/', '/'),
(1026, 0, '5 : 55', '6 : 25', '/', '/'),
(1027, 0, '6 : 25', '6 : 55', '/', '/'),
(1028, 0, '6 : 55', '7 : 25', '/', '/'),
(1029, 0, '7 : 25', '7 : 55', '/', '/'),
(1030, 0, '7 : 55', '8 : 25', '/', '/'),
(1031, 0, '8 : 25', '8 : 55', '/', '/'),
(1032, 0, '8 : 55', '9 : 25', '/', '/'),
(1033, 0, '9 : 25', '9 : 55', '/', '/'),
(1034, 0, '9 : 55', '10 : 25', '/', '/'),
(1035, 0, '10 : 25', '10 : 55', '/', '/'),
(1110, 167, '08 : 30', '9 : 00', '/', '/'),
(1111, 167, '9 : 00', '9 : 30', '/', '/'),
(1112, 167, '9 : 30', '10 : 00', '/', '/'),
(1113, 167, '10 : 00', '10 : 30', '/', '/'),
(1114, 167, '10 : 30', '11 : 00', '/', '/'),
(1115, 167, '11 : 00', '11 : 30', '/', '/'),
(1116, 167, '11 : 30', '12 : 00', '/', '/'),
(1117, 167, '12 : 00', '12 : 30', '/', '/'),
(1118, 167, '12 : 30', '13 : 00', '/', '/'),
(1119, 167, '13 : 00', '13 : 30', '/', '/'),
(1120, 167, '13 : 30', '14 : 00', '/', '/'),
(1121, 167, '14 : 00', '14 : 30', '/', '/'),
(1122, 168, '08 : 32', '9 : 02', 'Stefan', '/'),
(1123, 168, '9 : 02', '9 : 32', '/', '/'),
(1124, 168, '9 : 32', '10 : 02', '/', '/'),
(1125, 168, '10 : 02', '10 : 32', '/', '/'),
(1126, 168, '10 : 32', '11 : 02', 'Paul', '/'),
(1127, 168, '11 : 02', '11 : 32', '/', '/'),
(1128, 168, '11 : 32', '12 : 02', '/', '/'),
(1129, 168, '12 : 02', '12 : 32', '/', '/'),
(1130, 168, '12 : 32', '13 : 02', '/', '/'),
(1131, 168, '13 : 02', '13 : 32', '/', '/'),
(1132, 168, '13 : 32', '14 : 02', '/', '/'),
(1133, 168, '14 : 02', '14 : 32', '/', '/');

-- --------------------------------------------------------

--
-- Table structure for table `user`
--

CREATE TABLE `user` (
  `userId` int(255) NOT NULL,
  `username` text NOT NULL
) ENGINE=InnoDB DEFAULT CHARSET=utf8mb4;

--
-- Dumping data for table `user`
--

INSERT INTO `user` (`userId`, `username`) VALUES
(1, 'paull'),
(2, 'stfan'),
(3, 'rongitsch');

--
-- Indexes for dumped tables
--

--
-- Indexes for table `appointments`
--
ALTER TABLE `appointments`
  ADD PRIMARY KEY (`appointmentId`);

--
-- Indexes for table `timeslots`
--
ALTER TABLE `timeslots`
  ADD PRIMARY KEY (`timeslotId`);

--
-- Indexes for table `user`
--
ALTER TABLE `user`
  ADD PRIMARY KEY (`userId`);

--
-- AUTO_INCREMENT for dumped tables
--

--
-- AUTO_INCREMENT for table `appointments`
--
ALTER TABLE `appointments`
  MODIFY `appointmentId` int(255) NOT NULL AUTO_INCREMENT, AUTO_INCREMENT=169;

--
-- AUTO_INCREMENT for table `timeslots`
--
ALTER TABLE `timeslots`
  MODIFY `timeslotId` int(11) NOT NULL AUTO_INCREMENT, AUTO_INCREMENT=1134;

--
-- AUTO_INCREMENT for table `user`
--
ALTER TABLE `user`
  MODIFY `userId` int(255) NOT NULL AUTO_INCREMENT, AUTO_INCREMENT=4;
COMMIT;

/*!40101 SET CHARACTER_SET_CLIENT=@OLD_CHARACTER_SET_CLIENT */;
/*!40101 SET CHARACTER_SET_RESULTS=@OLD_CHARACTER_SET_RESULTS */;
/*!40101 SET COLLATION_CONNECTION=@OLD_COLLATION_CONNECTION */;
